LayerID, Total Cycles, Stall Cycles, Overall Util %, Mapping Efficiency %, Compute Util %,
0, 173949, 167136, 3.6988043639946193, 33.209228515625, 46.14216362478778,
